trade_date,factor,total,non_missing,coverage
2022-06-20,roe,60,60,1.0
2022-06-21,roe,60,60,1.0
2022-06-22,roe,60,60,1.0
2022-06-23,roe,60,60,1.0
2022-06-24,roe,60,60,1.0
2022-06-27,roe,60,60,1.0
2022-06-28,roe,60,60,1.0
2022-06-29,roe,60,60,1.0
2022-06-30,roe,60,60,1.0
2022-07-01,roe,60,60,1.0
2022-07-04,roe,60,60,1.0
2022-07-05,roe,60,60,1.0
2022-07-06,roe,60,60,1.0
2022-07-07,roe,60,60,1.0
2022-07-08,roe,60,60,1.0
2022-07-11,roe,60,60,1.0
2022-07-12,roe,60,60,1.0
2022-07-13,roe,60,60,1.0
2022-07-14,roe,60,60,1.0
2022-07-15,roe,60,60,1.0
2022-07-18,roe,60,60,1.0
2022-07-19,roe,60,60,1.0
2022-07-20,roe,60,60,1.0
2022-07-21,roe,60,60,1.0
2022-07-22,roe,60,60,1.0
2022-07-25,roe,60,60,1.0
2022-07-26,roe,60,60,1.0
2022-07-27,roe,60,60,1.0
2022-07-28,roe,60,60,1.0
2022-07-29,roe,60,60,1.0
2022-08-01,roe,60,60,1.0
2022-08-02,roe,60,60,1.0
2022-08-03,roe,60,60,1.0
2022-08-04,roe,60,60,1.0
2022-08-05,roe,60,60,1.0
2022-08-08,roe,60,60,1.0
2022-08-09,roe,60,60,1.0
2022-08-10,roe,60,60,1.0
2022-08-11,roe,60,60,1.0
2022-08-12,roe,60,60,1.0
2022-08-15,roe,60,60,1.0
2022-08-16,roe,60,60,1.0
2022-08-17,roe,60,60,1.0
2022-08-18,roe,60,60,1.0
2022-08-19,roe,60,60,1.0
2022-08-22,roe,60,60,1.0
2022-08-23,roe,60,60,1.0
2022-08-24,roe,60,60,1.0
2022-08-25,roe,60,60,1.0
2022-08-26,roe,60,60,1.0
2022-08-29,roe,60,60,1.0
2022-08-30,roe,60,60,1.0
2022-08-31,roe,60,60,1.0
2022-09-01,roe,60,60,1.0
2022-09-02,roe,60,60,1.0
2022-09-05,roe,60,60,1.0
2022-09-06,roe,60,60,1.0
2022-09-07,roe,60,60,1.0
2022-09-08,roe,60,60,1.0
2022-09-09,roe,60,60,1.0
2022-06-20,roa,60,60,1.0
2022-06-21,roa,60,60,1.0
2022-06-22,roa,60,60,1.0
2022-06-23,roa,60,60,1.0
2022-06-24,roa,60,60,1.0
2022-06-27,roa,60,60,1.0
2022-06-28,roa,60,60,1.0
2022-06-29,roa,60,60,1.0
2022-06-30,roa,60,60,1.0
2022-07-01,roa,60,60,1.0
2022-07-04,roa,60,60,1.0
2022-07-05,roa,60,60,1.0
2022-07-06,roa,60,60,1.0
2022-07-07,roa,60,60,1.0
2022-07-08,roa,60,60,1.0
2022-07-11,roa,60,60,1.0
2022-07-12,roa,60,60,1.0
2022-07-13,roa,60,60,1.0
2022-07-14,roa,60,60,1.0
2022-07-15,roa,60,60,1.0
2022-07-18,roa,60,60,1.0
2022-07-19,roa,60,60,1.0
2022-07-20,roa,60,60,1.0
2022-07-21,roa,60,60,1.0
2022-07-22,roa,60,60,1.0
2022-07-25,roa,60,60,1.0
2022-07-26,roa,60,60,1.0
2022-07-27,roa,60,60,1.0
2022-07-28,roa,60,60,1.0
2022-07-29,roa,60,60,1.0
2022-08-01,roa,60,60,1.0
2022-08-02,roa,60,60,1.0
2022-08-03,roa,60,60,1.0
2022-08-04,roa,60,60,1.0
2022-08-05,roa,60,60,1.0
2022-08-08,roa,60,60,1.0
2022-08-09,roa,60,60,1.0
2022-08-10,roa,60,60,1.0
2022-08-11,roa,60,60,1.0
2022-08-12,roa,60,60,1.0
2022-08-15,roa,60,60,1.0
2022-08-16,roa,60,60,1.0
2022-08-17,roa,60,60,1.0
2022-08-18,roa,60,60,1.0
2022-08-19,roa,60,60,1.0
2022-08-22,roa,60,60,1.0
2022-08-23,roa,60,60,1.0
2022-08-24,roa,60,60,1.0
2022-08-25,roa,60,60,1.0
2022-08-26,roa,60,60,1.0
2022-08-29,roa,60,60,1.0
2022-08-30,roa,60,60,1.0
2022-08-31,roa,60,60,1.0
2022-09-01,roa,60,60,1.0
2022-09-02,roa,60,60,1.0
2022-09-05,roa,60,60,1.0
2022-09-06,roa,60,60,1.0
2022-09-07,roa,60,60,1.0
2022-09-08,roa,60,60,1.0
2022-09-09,roa,60,60,1.0
2022-06-20,gross_margin,60,60,1.0
2022-06-21,gross_margin,60,60,1.0
2022-06-22,gross_margin,60,60,1.0
2022-06-23,gross_margin,60,60,1.0
2022-06-24,gross_margin,60,60,1.0
2022-06-27,gross_margin,60,60,1.0
2022-06-28,gross_margin,60,60,1.0
2022-06-29,gross_margin,60,60,1.0
2022-06-30,gross_margin,60,60,1.0
2022-07-01,gross_margin,60,60,1.0
2022-07-04,gross_margin,60,60,1.0
2022-07-05,gross_margin,60,60,1.0
2022-07-06,gross_margin,60,60,1.0
2022-07-07,gross_margin,60,60,1.0
2022-07-08,gross_margin,60,60,1.0
2022-07-11,gross_margin,60,60,1.0
2022-07-12,gross_margin,60,60,1.0
2022-07-13,gross_margin,60,60,1.0
2022-07-14,gross_margin,60,60,1.0
2022-07-15,gross_margin,60,60,1.0
2022-07-18,gross_margin,60,60,1.0
2022-07-19,gross_margin,60,60,1.0
2022-07-20,gross_margin,60,60,1.0
2022-07-21,gross_margin,60,60,1.0
2022-07-22,gross_margin,60,60,1.0
2022-07-25,gross_margin,60,60,1.0
2022-07-26,gross_margin,60,60,1.0
2022-07-27,gross_margin,60,60,1.0
2022-07-28,gross_margin,60,60,1.0
2022-07-29,gross_margin,60,60,1.0
2022-08-01,gross_margin,60,60,1.0
2022-08-02,gross_margin,60,60,1.0
2022-08-03,gross_margin,60,60,1.0
2022-08-04,gross_margin,60,60,1.0
2022-08-05,gross_margin,60,60,1.0
2022-08-08,gross_margin,60,60,1.0
2022-08-09,gross_margin,60,60,1.0
2022-08-10,gross_margin,60,60,1.0
2022-08-11,gross_margin,60,60,1.0
2022-08-12,gross_margin,60,60,1.0
2022-08-15,gross_margin,60,60,1.0
2022-08-16,gross_margin,60,60,1.0
2022-08-17,gross_margin,60,60,1.0
2022-08-18,gross_margin,60,60,1.0
2022-08-19,gross_margin,60,60,1.0
2022-08-22,gross_margin,60,60,1.0
2022-08-23,gross_margin,60,60,1.0
2022-08-24,gross_margin,60,60,1.0
2022-08-25,gross_margin,60,60,1.0
2022-08-26,gross_margin,60,60,1.0
2022-08-29,gross_margin,60,60,1.0
2022-08-30,gross_margin,60,60,1.0
2022-08-31,gross_margin,60,60,1.0
2022-09-01,gross_margin,60,60,1.0
2022-09-02,gross_margin,60,60,1.0
2022-09-05,gross_margin,60,60,1.0
2022-09-06,gross_margin,60,60,1.0
2022-09-07,gross_margin,60,60,1.0
2022-09-08,gross_margin,60,60,1.0
2022-09-09,gross_margin,60,60,1.0
2022-06-20,gross_margin_stability,60,60,1.0
2022-06-21,gross_margin_stability,60,60,1.0
2022-06-22,gross_margin_stability,60,60,1.0
2022-06-23,gross_margin_stability,60,60,1.0
2022-06-24,gross_margin_stability,60,60,1.0
2022-06-27,gross_margin_stability,60,60,1.0
2022-06-28,gross_margin_stability,60,60,1.0
2022-06-29,gross_margin_stability,60,60,1.0
2022-06-30,gross_margin_stability,60,60,1.0
2022-07-01,gross_margin_stability,60,60,1.0
2022-07-04,gross_margin_stability,60,60,1.0
2022-07-05,gross_margin_stability,60,60,1.0
2022-07-06,gross_margin_stability,60,60,1.0
2022-07-07,gross_margin_stability,60,60,1.0
2022-07-08,gross_margin_stability,60,60,1.0
2022-07-11,gross_margin_stability,60,60,1.0
2022-07-12,gross_margin_stability,60,60,1.0
2022-07-13,gross_margin_stability,60,60,1.0
2022-07-14,gross_margin_stability,60,60,1.0
2022-07-15,gross_margin_stability,60,60,1.0
2022-07-18,gross_margin_stability,60,60,1.0
2022-07-19,gross_margin_stability,60,60,1.0
2022-07-20,gross_margin_stability,60,60,1.0
2022-07-21,gross_margin_stability,60,60,1.0
2022-07-22,gross_margin_stability,60,60,1.0
2022-07-25,gross_margin_stability,60,60,1.0
2022-07-26,gross_margin_stability,60,60,1.0
2022-07-27,gross_margin_stability,60,60,1.0
2022-07-28,gross_margin_stability,60,60,1.0
2022-07-29,gross_margin_stability,60,60,1.0
2022-08-01,gross_margin_stability,60,60,1.0
2022-08-02,gross_margin_stability,60,60,1.0
2022-08-03,gross_margin_stability,60,60,1.0
2022-08-04,gross_margin_stability,60,60,1.0
2022-08-05,gross_margin_stability,60,60,1.0
2022-08-08,gross_margin_stability,60,60,1.0
2022-08-09,gross_margin_stability,60,60,1.0
2022-08-10,gross_margin_stability,60,60,1.0
2022-08-11,gross_margin_stability,60,60,1.0
2022-08-12,gross_margin_stability,60,60,1.0
2022-08-15,gross_margin_stability,60,60,1.0
2022-08-16,gross_margin_stability,60,60,1.0
2022-08-17,gross_margin_stability,60,60,1.0
2022-08-18,gross_margin_stability,60,60,1.0
2022-08-19,gross_margin_stability,60,60,1.0
2022-08-22,gross_margin_stability,60,60,1.0
2022-08-23,gross_margin_stability,60,60,1.0
2022-08-24,gross_margin_stability,60,60,1.0
2022-08-25,gross_margin_stability,60,60,1.0
2022-08-26,gross_margin_stability,60,60,1.0
2022-08-29,gross_margin_stability,60,60,1.0
2022-08-30,gross_margin_stability,60,60,1.0
2022-08-31,gross_margin_stability,60,60,1.0
2022-09-01,gross_margin_stability,60,60,1.0
2022-09-02,gross_margin_stability,60,60,1.0
2022-09-05,gross_margin_stability,60,60,1.0
2022-09-06,gross_margin_stability,60,60,1.0
2022-09-07,gross_margin_stability,60,60,1.0
2022-09-08,gross_margin_stability,60,60,1.0
2022-09-09,gross_margin_stability,60,60,1.0
2022-06-20,debt_ratio,60,60,1.0
2022-06-21,debt_ratio,60,60,1.0
2022-06-22,debt_ratio,60,60,1.0
2022-06-23,debt_ratio,60,60,1.0
2022-06-24,debt_ratio,60,60,1.0
2022-06-27,debt_ratio,60,60,1.0
2022-06-28,debt_ratio,60,60,1.0
2022-06-29,debt_ratio,60,60,1.0
2022-06-30,debt_ratio,60,60,1.0
2022-07-01,debt_ratio,60,60,1.0
2022-07-04,debt_ratio,60,60,1.0
2022-07-05,debt_ratio,60,60,1.0
2022-07-06,debt_ratio,60,60,1.0
2022-07-07,debt_ratio,60,60,1.0
2022-07-08,debt_ratio,60,60,1.0
2022-07-11,debt_ratio,60,60,1.0
2022-07-12,debt_ratio,60,60,1.0
2022-07-13,debt_ratio,60,60,1.0
2022-07-14,debt_ratio,60,60,1.0
2022-07-15,debt_ratio,60,60,1.0
2022-07-18,debt_ratio,60,60,1.0
2022-07-19,debt_ratio,60,60,1.0
2022-07-20,debt_ratio,60,60,1.0
2022-07-21,debt_ratio,60,60,1.0
2022-07-22,debt_ratio,60,60,1.0
2022-07-25,debt_ratio,60,60,1.0
2022-07-26,debt_ratio,60,60,1.0
2022-07-27,debt_ratio,60,60,1.0
2022-07-28,debt_ratio,60,60,1.0
2022-07-29,debt_ratio,60,60,1.0
2022-08-01,debt_ratio,60,60,1.0
2022-08-02,debt_ratio,60,60,1.0
2022-08-03,debt_ratio,60,60,1.0
2022-08-04,debt_ratio,60,60,1.0
2022-08-05,debt_ratio,60,60,1.0
2022-08-08,debt_ratio,60,60,1.0
2022-08-09,debt_ratio,60,60,1.0
2022-08-10,debt_ratio,60,60,1.0
2022-08-11,debt_ratio,60,60,1.0
2022-08-12,debt_ratio,60,60,1.0
2022-08-15,debt_ratio,60,60,1.0
2022-08-16,debt_ratio,60,60,1.0
2022-08-17,debt_ratio,60,60,1.0
2022-08-18,debt_ratio,60,60,1.0
2022-08-19,debt_ratio,60,60,1.0
2022-08-22,debt_ratio,60,60,1.0
2022-08-23,debt_ratio,60,60,1.0
2022-08-24,debt_ratio,60,60,1.0
2022-08-25,debt_ratio,60,60,1.0
2022-08-26,debt_ratio,60,60,1.0
2022-08-29,debt_ratio,60,60,1.0
2022-08-30,debt_ratio,60,60,1.0
2022-08-31,debt_ratio,60,60,1.0
2022-09-01,debt_ratio,60,60,1.0
2022-09-02,debt_ratio,60,60,1.0
2022-09-05,debt_ratio,60,60,1.0
2022-09-06,debt_ratio,60,60,1.0
2022-09-07,debt_ratio,60,60,1.0
2022-09-08,debt_ratio,60,60,1.0
2022-09-09,debt_ratio,60,60,1.0
2022-06-20,asset_turnover,60,60,1.0
2022-06-21,asset_turnover,60,60,1.0
2022-06-22,asset_turnover,60,60,1.0
2022-06-23,asset_turnover,60,60,1.0
2022-06-24,asset_turnover,60,60,1.0
2022-06-27,asset_turnover,60,60,1.0
2022-06-28,asset_turnover,60,60,1.0
2022-06-29,asset_turnover,60,60,1.0
2022-06-30,asset_turnover,60,60,1.0
2022-07-01,asset_turnover,60,60,1.0
2022-07-04,asset_turnover,60,60,1.0
2022-07-05,asset_turnover,60,60,1.0
2022-07-06,asset_turnover,60,60,1.0
2022-07-07,asset_turnover,60,60,1.0
2022-07-08,asset_turnover,60,60,1.0
2022-07-11,asset_turnover,60,60,1.0
2022-07-12,asset_turnover,60,60,1.0
2022-07-13,asset_turnover,60,60,1.0
2022-07-14,asset_turnover,60,60,1.0
2022-07-15,asset_turnover,60,60,1.0
2022-07-18,asset_turnover,60,60,1.0
2022-07-19,asset_turnover,60,60,1.0
2022-07-20,asset_turnover,60,60,1.0
2022-07-21,asset_turnover,60,60,1.0
2022-07-22,asset_turnover,60,60,1.0
2022-07-25,asset_turnover,60,60,1.0
2022-07-26,asset_turnover,60,60,1.0
2022-07-27,asset_turnover,60,60,1.0
2022-07-28,asset_turnover,60,60,1.0
2022-07-29,asset_turnover,60,60,1.0
2022-08-01,asset_turnover,60,60,1.0
2022-08-02,asset_turnover,60,60,1.0
2022-08-03,asset_turnover,60,60,1.0
2022-08-04,asset_turnover,60,60,1.0
2022-08-05,asset_turnover,60,60,1.0
2022-08-08,asset_turnover,60,60,1.0
2022-08-09,asset_turnover,60,60,1.0
2022-08-10,asset_turnover,60,60,1.0
2022-08-11,asset_turnover,60,60,1.0
2022-08-12,asset_turnover,60,60,1.0
2022-08-15,asset_turnover,60,60,1.0
2022-08-16,asset_turnover,60,60,1.0
2022-08-17,asset_turnover,60,60,1.0
2022-08-18,asset_turnover,60,60,1.0
2022-08-19,asset_turnover,60,60,1.0
2022-08-22,asset_turnover,60,60,1.0
2022-08-23,asset_turnover,60,60,1.0
2022-08-24,asset_turnover,60,60,1.0
2022-08-25,asset_turnover,60,60,1.0
2022-08-26,asset_turnover,60,60,1.0
2022-08-29,asset_turnover,60,60,1.0
2022-08-30,asset_turnover,60,60,1.0
2022-08-31,asset_turnover,60,60,1.0
2022-09-01,asset_turnover,60,60,1.0
2022-09-02,asset_turnover,60,60,1.0
2022-09-05,asset_turnover,60,60,1.0
2022-09-06,asset_turnover,60,60,1.0
2022-09-07,asset_turnover,60,60,1.0
2022-09-08,asset_turnover,60,60,1.0
2022-09-09,asset_turnover,60,60,1.0
2022-06-20,vol_20,60,0,0.0
2022-06-21,vol_20,60,0,0.0
2022-06-22,vol_20,60,0,0.0
2022-06-23,vol_20,60,0,0.0
2022-06-24,vol_20,60,0,0.0
2022-06-27,vol_20,60,0,0.0
2022-06-28,vol_20,60,0,0.0
2022-06-29,vol_20,60,0,0.0
2022-06-30,vol_20,60,0,0.0
2022-07-01,vol_20,60,60,1.0
2022-07-04,vol_20,60,60,1.0
2022-07-05,vol_20,60,60,1.0
2022-07-06,vol_20,60,60,1.0
2022-07-07,vol_20,60,60,1.0
2022-07-08,vol_20,60,60,1.0
2022-07-11,vol_20,60,60,1.0
2022-07-12,vol_20,60,60,1.0
2022-07-13,vol_20,60,60,1.0
2022-07-14,vol_20,60,60,1.0
2022-07-15,vol_20,60,60,1.0
2022-07-18,vol_20,60,60,1.0
2022-07-19,vol_20,60,60,1.0
2022-07-20,vol_20,60,60,1.0
2022-07-21,vol_20,60,60,1.0
2022-07-22,vol_20,60,60,1.0
2022-07-25,vol_20,60,60,1.0
2022-07-26,vol_20,60,60,1.0
2022-07-27,vol_20,60,60,1.0
2022-07-28,vol_20,60,60,1.0
2022-07-29,vol_20,60,60,1.0
2022-08-01,vol_20,60,60,1.0
2022-08-02,vol_20,60,60,1.0
2022-08-03,vol_20,60,60,1.0
2022-08-04,vol_20,60,60,1.0
2022-08-05,vol_20,60,60,1.0
2022-08-08,vol_20,60,60,1.0
2022-08-09,vol_20,60,60,1.0
2022-08-10,vol_20,60,60,1.0
2022-08-11,vol_20,60,60,1.0
2022-08-12,vol_20,60,60,1.0
2022-08-15,vol_20,60,60,1.0
2022-08-16,vol_20,60,60,1.0
2022-08-17,vol_20,60,60,1.0
2022-08-18,vol_20,60,60,1.0
2022-08-19,vol_20,60,60,1.0
2022-08-22,vol_20,60,60,1.0
2022-08-23,vol_20,60,60,1.0
2022-08-24,vol_20,60,60,1.0
2022-08-25,vol_20,60,60,1.0
2022-08-26,vol_20,60,60,1.0
2022-08-29,vol_20,60,60,1.0
2022-08-30,vol_20,60,60,1.0
2022-08-31,vol_20,60,60,1.0
2022-09-01,vol_20,60,60,1.0
2022-09-02,vol_20,60,60,1.0
2022-09-05,vol_20,60,60,1.0
2022-09-06,vol_20,60,60,1.0
2022-09-07,vol_20,60,60,1.0
2022-09-08,vol_20,60,60,1.0
2022-09-09,vol_20,60,60,1.0
2022-06-20,vol_60,60,0,0.0
2022-06-21,vol_60,60,0,0.0
2022-06-22,vol_60,60,0,0.0
2022-06-23,vol_60,60,0,0.0
2022-06-24,vol_60,60,0,0.0
2022-06-27,vol_60,60,0,0.0
2022-06-28,vol_60,60,0,0.0
2022-06-29,vol_60,60,0,0.0
2022-06-30,vol_60,60,0,0.0
2022-07-01,vol_60,60,0,0.0
2022-07-04,vol_60,60,0,0.0
2022-07-05,vol_60,60,0,0.0
2022-07-06,vol_60,60,0,0.0
2022-07-07,vol_60,60,0,0.0
2022-07-08,vol_60,60,0,0.0
2022-07-11,vol_60,60,0,0.0
2022-07-12,vol_60,60,0,0.0
2022-07-13,vol_60,60,0,0.0
2022-07-14,vol_60,60,0,0.0
2022-07-15,vol_60,60,0,0.0
2022-07-18,vol_60,60,0,0.0
2022-07-19,vol_60,60,0,0.0
2022-07-20,vol_60,60,0,0.0
2022-07-21,vol_60,60,0,0.0
2022-07-22,vol_60,60,0,0.0
2022-07-25,vol_60,60,0,0.0
2022-07-26,vol_60,60,0,0.0
2022-07-27,vol_60,60,0,0.0
2022-07-28,vol_60,60,0,0.0
2022-07-29,vol_60,60,60,1.0
2022-08-01,vol_60,60,60,1.0
2022-08-02,vol_60,60,60,1.0
2022-08-03,vol_60,60,60,1.0
2022-08-04,vol_60,60,60,1.0
2022-08-05,vol_60,60,60,1.0
2022-08-08,vol_60,60,60,1.0
2022-08-09,vol_60,60,60,1.0
2022-08-10,vol_60,60,60,1.0
2022-08-11,vol_60,60,60,1.0
2022-08-12,vol_60,60,60,1.0
2022-08-15,vol_60,60,60,1.0
2022-08-16,vol_60,60,60,1.0
2022-08-17,vol_60,60,60,1.0
2022-08-18,vol_60,60,60,1.0
2022-08-19,vol_60,60,60,1.0
2022-08-22,vol_60,60,60,1.0
2022-08-23,vol_60,60,60,1.0
2022-08-24,vol_60,60,60,1.0
2022-08-25,vol_60,60,60,1.0
2022-08-26,vol_60,60,60,1.0
2022-08-29,vol_60,60,60,1.0
2022-08-30,vol_60,60,60,1.0
2022-08-31,vol_60,60,60,1.0
2022-09-01,vol_60,60,60,1.0
2022-09-02,vol_60,60,60,1.0
2022-09-05,vol_60,60,60,1.0
2022-09-06,vol_60,60,60,1.0
2022-09-07,vol_60,60,60,1.0
2022-09-08,vol_60,60,60,1.0
2022-09-09,vol_60,60,60,1.0
2022-06-20,beta_60,60,0,0.0
2022-06-21,beta_60,60,0,0.0
2022-06-22,beta_60,60,0,0.0
2022-06-23,beta_60,60,0,0.0
2022-06-24,beta_60,60,0,0.0
2022-06-27,beta_60,60,0,0.0
2022-06-28,beta_60,60,0,0.0
2022-06-29,beta_60,60,0,0.0
2022-06-30,beta_60,60,0,0.0
2022-07-01,beta_60,60,0,0.0
2022-07-04,beta_60,60,0,0.0
2022-07-05,beta_60,60,0,0.0
2022-07-06,beta_60,60,0,0.0
2022-07-07,beta_60,60,0,0.0
2022-07-08,beta_60,60,0,0.0
2022-07-11,beta_60,60,0,0.0
2022-07-12,beta_60,60,0,0.0
2022-07-13,beta_60,60,0,0.0
2022-07-14,beta_60,60,0,0.0
2022-07-15,beta_60,60,0,0.0
2022-07-18,beta_60,60,0,0.0
2022-07-19,beta_60,60,0,0.0
2022-07-20,beta_60,60,0,0.0
2022-07-21,beta_60,60,0,0.0
2022-07-22,beta_60,60,0,0.0
2022-07-25,beta_60,60,0,0.0
2022-07-26,beta_60,60,0,0.0
2022-07-27,beta_60,60,0,0.0
2022-07-28,beta_60,60,0,0.0
2022-07-29,beta_60,60,60,1.0
2022-08-01,beta_60,60,60,1.0
2022-08-02,beta_60,60,60,1.0
2022-08-03,beta_60,60,60,1.0
2022-08-04,beta_60,60,60,1.0
2022-08-05,beta_60,60,60,1.0
2022-08-08,beta_60,60,60,1.0
2022-08-09,beta_60,60,60,1.0
2022-08-10,beta_60,60,60,1.0
2022-08-11,beta_60,60,60,1.0
2022-08-12,beta_60,60,60,1.0
2022-08-15,beta_60,60,60,1.0
2022-08-16,beta_60,60,60,1.0
2022-08-17,beta_60,60,60,1.0
2022-08-18,beta_60,60,60,1.0
2022-08-19,beta_60,60,60,1.0
2022-08-22,beta_60,60,60,1.0
2022-08-23,beta_60,60,60,1.0
2022-08-24,beta_60,60,60,1.0
2022-08-25,beta_60,60,60,1.0
2022-08-26,beta_60,60,60,1.0
2022-08-29,beta_60,60,60,1.0
2022-08-30,beta_60,60,60,1.0
2022-08-31,beta_60,60,60,1.0
2022-09-01,beta_60,60,60,1.0
2022-09-02,beta_60,60,60,1.0
2022-09-05,beta_60,60,60,1.0
2022-09-06,beta_60,60,60,1.0
2022-09-07,beta_60,60,60,1.0
2022-09-08,beta_60,60,60,1.0
2022-09-09,beta_60,60,60,1.0
2022-06-20,idio_vol_60,60,0,0.0
2022-06-21,idio_vol_60,60,0,0.0
2022-06-22,idio_vol_60,60,0,0.0
2022-06-23,idio_vol_60,60,0,0.0
2022-06-24,idio_vol_60,60,0,0.0
2022-06-27,idio_vol_60,60,0,0.0
2022-06-28,idio_vol_60,60,0,0.0
2022-06-29,idio_vol_60,60,0,0.0
2022-06-30,idio_vol_60,60,0,0.0
2022-07-01,idio_vol_60,60,0,0.0
2022-07-04,idio_vol_60,60,0,0.0
2022-07-05,idio_vol_60,60,0,0.0
2022-07-06,idio_vol_60,60,0,0.0
2022-07-07,idio_vol_60,60,0,0.0
2022-07-08,idio_vol_60,60,0,0.0
2022-07-11,idio_vol_60,60,0,0.0
2022-07-12,idio_vol_60,60,0,0.0
2022-07-13,idio_vol_60,60,0,0.0
2022-07-14,idio_vol_60,60,0,0.0
2022-07-15,idio_vol_60,60,0,0.0
2022-07-18,idio_vol_60,60,0,0.0
2022-07-19,idio_vol_60,60,0,0.0
2022-07-20,idio_vol_60,60,0,0.0
2022-07-21,idio_vol_60,60,0,0.0
2022-07-22,idio_vol_60,60,0,0.0
2022-07-25,idio_vol_60,60,0,0.0
2022-07-26,idio_vol_60,60,0,0.0
2022-07-27,idio_vol_60,60,0,0.0
2022-07-28,idio_vol_60,60,0,0.0
2022-07-29,idio_vol_60,60,0,0.0
2022-08-01,idio_vol_60,60,0,0.0
2022-08-02,idio_vol_60,60,0,0.0
2022-08-03,idio_vol_60,60,0,0.0
2022-08-04,idio_vol_60,60,0,0.0
2022-08-05,idio_vol_60,60,0,0.0
2022-08-08,idio_vol_60,60,0,0.0
2022-08-09,idio_vol_60,60,0,0.0
2022-08-10,idio_vol_60,60,0,0.0
2022-08-11,idio_vol_60,60,0,0.0
2022-08-12,idio_vol_60,60,0,0.0
2022-08-15,idio_vol_60,60,0,0.0
2022-08-16,idio_vol_60,60,0,0.0
2022-08-17,idio_vol_60,60,0,0.0
2022-08-18,idio_vol_60,60,0,0.0
2022-08-19,idio_vol_60,60,0,0.0
2022-08-22,idio_vol_60,60,0,0.0
2022-08-23,idio_vol_60,60,0,0.0
2022-08-24,idio_vol_60,60,0,0.0
2022-08-25,idio_vol_60,60,0,0.0
2022-08-26,idio_vol_60,60,0,0.0
2022-08-29,idio_vol_60,60,0,0.0
2022-08-30,idio_vol_60,60,0,0.0
2022-08-31,idio_vol_60,60,0,0.0
2022-09-01,idio_vol_60,60,0,0.0
2022-09-02,idio_vol_60,60,0,0.0
2022-09-05,idio_vol_60,60,0,0.0
2022-09-06,idio_vol_60,60,0,0.0
2022-09-07,idio_vol_60,60,0,0.0
2022-09-08,idio_vol_60,60,60,1.0
2022-09-09,idio_vol_60,60,60,1.0
2022-06-20,turnover_20,60,0,0.0
2022-06-21,turnover_20,60,0,0.0
2022-06-22,turnover_20,60,0,0.0
2022-06-23,turnover_20,60,0,0.0
2022-06-24,turnover_20,60,0,0.0
2022-06-27,turnover_20,60,0,0.0
2022-06-28,turnover_20,60,0,0.0
2022-06-29,turnover_20,60,0,0.0
2022-06-30,turnover_20,60,0,0.0
2022-07-01,turnover_20,60,60,1.0
2022-07-04,turnover_20,60,60,1.0
2022-07-05,turnover_20,60,60,1.0
2022-07-06,turnover_20,60,60,1.0
2022-07-07,turnover_20,60,60,1.0
2022-07-08,turnover_20,60,60,1.0
2022-07-11,turnover_20,60,60,1.0
2022-07-12,turnover_20,60,60,1.0
2022-07-13,turnover_20,60,60,1.0
2022-07-14,turnover_20,60,60,1.0
2022-07-15,turnover_20,60,60,1.0
2022-07-18,turnover_20,60,60,1.0
2022-07-19,turnover_20,60,60,1.0
2022-07-20,turnover_20,60,60,1.0
2022-07-21,turnover_20,60,60,1.0
2022-07-22,turnover_20,60,60,1.0
2022-07-25,turnover_20,60,60,1.0
2022-07-26,turnover_20,60,60,1.0
2022-07-27,turnover_20,60,60,1.0
2022-07-28,turnover_20,60,60,1.0
2022-07-29,turnover_20,60,60,1.0
2022-08-01,turnover_20,60,60,1.0
2022-08-02,turnover_20,60,60,1.0
2022-08-03,turnover_20,60,60,1.0
2022-08-04,turnover_20,60,60,1.0
2022-08-05,turnover_20,60,60,1.0
2022-08-08,turnover_20,60,60,1.0
2022-08-09,turnover_20,60,60,1.0
2022-08-10,turnover_20,60,60,1.0
2022-08-11,turnover_20,60,60,1.0
2022-08-12,turnover_20,60,60,1.0
2022-08-15,turnover_20,60,60,1.0
2022-08-16,turnover_20,60,60,1.0
2022-08-17,turnover_20,60,60,1.0
2022-08-18,turnover_20,60,60,1.0
2022-08-19,turnover_20,60,60,1.0
2022-08-22,turnover_20,60,60,1.0
2022-08-23,turnover_20,60,60,1.0
2022-08-24,turnover_20,60,60,1.0
2022-08-25,turnover_20,60,60,1.0
2022-08-26,turnover_20,60,60,1.0
2022-08-29,turnover_20,60,60,1.0
2022-08-30,turnover_20,60,60,1.0
2022-08-31,turnover_20,60,60,1.0
2022-09-01,turnover_20,60,60,1.0
2022-09-02,turnover_20,60,60,1.0
2022-09-05,turnover_20,60,60,1.0
2022-09-06,turnover_20,60,60,1.0
2022-09-07,turnover_20,60,60,1.0
2022-09-08,turnover_20,60,60,1.0
2022-09-09,turnover_20,60,60,1.0
2022-06-20,amihud_20,60,0,0.0
2022-06-21,amihud_20,60,0,0.0
2022-06-22,amihud_20,60,0,0.0
2022-06-23,amihud_20,60,0,0.0
2022-06-24,amihud_20,60,0,0.0
2022-06-27,amihud_20,60,0,0.0
2022-06-28,amihud_20,60,0,0.0
2022-06-29,amihud_20,60,0,0.0
2022-06-30,amihud_20,60,0,0.0
2022-07-01,amihud_20,60,60,1.0
2022-07-04,amihud_20,60,60,1.0
2022-07-05,amihud_20,60,60,1.0
2022-07-06,amihud_20,60,60,1.0
2022-07-07,amihud_20,60,60,1.0
2022-07-08,amihud_20,60,60,1.0
2022-07-11,amihud_20,60,60,1.0
2022-07-12,amihud_20,60,60,1.0
2022-07-13,amihud_20,60,60,1.0
2022-07-14,amihud_20,60,60,1.0
2022-07-15,amihud_20,60,60,1.0
2022-07-18,amihud_20,60,60,1.0
2022-07-19,amihud_20,60,60,1.0
2022-07-20,amihud_20,60,60,1.0
2022-07-21,amihud_20,60,60,1.0
2022-07-22,amihud_20,60,60,1.0
2022-07-25,amihud_20,60,60,1.0
2022-07-26,amihud_20,60,60,1.0
2022-07-27,amihud_20,60,60,1.0
2022-07-28,amihud_20,60,60,1.0
2022-07-29,amihud_20,60,60,1.0
2022-08-01,amihud_20,60,60,1.0
2022-08-02,amihud_20,60,60,1.0
2022-08-03,amihud_20,60,60,1.0
2022-08-04,amihud_20,60,60,1.0
2022-08-05,amihud_20,60,60,1.0
2022-08-08,amihud_20,60,60,1.0
2022-08-09,amihud_20,60,60,1.0
2022-08-10,amihud_20,60,60,1.0
2022-08-11,amihud_20,60,60,1.0
2022-08-12,amihud_20,60,60,1.0
2022-08-15,amihud_20,60,60,1.0
2022-08-16,amihud_20,60,60,1.0
2022-08-17,amihud_20,60,60,1.0
2022-08-18,amihud_20,60,60,1.0
2022-08-19,amihud_20,60,60,1.0
2022-08-22,amihud_20,60,60,1.0
2022-08-23,amihud_20,60,60,1.0
2022-08-24,amihud_20,60,60,1.0
2022-08-25,amihud_20,60,60,1.0
2022-08-26,amihud_20,60,60,1.0
2022-08-29,amihud_20,60,60,1.0
2022-08-30,amihud_20,60,60,1.0
2022-08-31,amihud_20,60,60,1.0
2022-09-01,amihud_20,60,60,1.0
2022-09-02,amihud_20,60,60,1.0
2022-09-05,amihud_20,60,60,1.0
2022-09-06,amihud_20,60,60,1.0
2022-09-07,amihud_20,60,60,1.0
2022-09-08,amihud_20,60,60,1.0
2022-09-09,amihud_20,60,60,1.0
2022-06-20,mf_5,60,0,0.0
2022-06-21,mf_5,60,0,0.0
2022-06-22,mf_5,60,60,1.0
2022-06-23,mf_5,60,60,1.0
2022-06-24,mf_5,60,60,1.0
2022-06-27,mf_5,60,60,1.0
2022-06-28,mf_5,60,60,1.0
2022-06-29,mf_5,60,60,1.0
2022-06-30,mf_5,60,60,1.0
2022-07-01,mf_5,60,60,1.0
2022-07-04,mf_5,60,60,1.0
2022-07-05,mf_5,60,60,1.0
2022-07-06,mf_5,60,60,1.0
2022-07-07,mf_5,60,60,1.0
2022-07-08,mf_5,60,60,1.0
2022-07-11,mf_5,60,60,1.0
2022-07-12,mf_5,60,60,1.0
2022-07-13,mf_5,60,60,1.0
2022-07-14,mf_5,60,60,1.0
2022-07-15,mf_5,60,60,1.0
2022-07-18,mf_5,60,60,1.0
2022-07-19,mf_5,60,60,1.0
2022-07-20,mf_5,60,60,1.0
2022-07-21,mf_5,60,60,1.0
2022-07-22,mf_5,60,60,1.0
2022-07-25,mf_5,60,60,1.0
2022-07-26,mf_5,60,60,1.0
2022-07-27,mf_5,60,60,1.0
2022-07-28,mf_5,60,60,1.0
2022-07-29,mf_5,60,60,1.0
2022-08-01,mf_5,60,60,1.0
2022-08-02,mf_5,60,60,1.0
2022-08-03,mf_5,60,60,1.0
2022-08-04,mf_5,60,60,1.0
2022-08-05,mf_5,60,60,1.0
2022-08-08,mf_5,60,60,1.0
2022-08-09,mf_5,60,60,1.0
2022-08-10,mf_5,60,60,1.0
2022-08-11,mf_5,60,60,1.0
2022-08-12,mf_5,60,60,1.0
2022-08-15,mf_5,60,60,1.0
2022-08-16,mf_5,60,60,1.0
2022-08-17,mf_5,60,60,1.0
2022-08-18,mf_5,60,60,1.0
2022-08-19,mf_5,60,60,1.0
2022-08-22,mf_5,60,60,1.0
2022-08-23,mf_5,60,60,1.0
2022-08-24,mf_5,60,60,1.0
2022-08-25,mf_5,60,60,1.0
2022-08-26,mf_5,60,60,1.0
2022-08-29,mf_5,60,60,1.0
2022-08-30,mf_5,60,60,1.0
2022-08-31,mf_5,60,60,1.0
2022-09-01,mf_5,60,60,1.0
2022-09-02,mf_5,60,60,1.0
2022-09-05,mf_5,60,60,1.0
2022-09-06,mf_5,60,60,1.0
2022-09-07,mf_5,60,60,1.0
2022-09-08,mf_5,60,60,1.0
2022-09-09,mf_5,60,60,1.0
2022-06-20,mf_20,60,0,0.0
2022-06-21,mf_20,60,0,0.0
2022-06-22,mf_20,60,0,0.0
2022-06-23,mf_20,60,0,0.0
2022-06-24,mf_20,60,0,0.0
2022-06-27,mf_20,60,0,0.0
2022-06-28,mf_20,60,0,0.0
2022-06-29,mf_20,60,0,0.0
2022-06-30,mf_20,60,0,0.0
2022-07-01,mf_20,60,60,1.0
2022-07-04,mf_20,60,60,1.0
2022-07-05,mf_20,60,60,1.0
2022-07-06,mf_20,60,60,1.0
2022-07-07,mf_20,60,60,1.0
2022-07-08,mf_20,60,60,1.0
2022-07-11,mf_20,60,60,1.0
2022-07-12,mf_20,60,60,1.0
2022-07-13,mf_20,60,60,1.0
2022-07-14,mf_20,60,60,1.0
2022-07-15,mf_20,60,60,1.0
2022-07-18,mf_20,60,60,1.0
2022-07-19,mf_20,60,60,1.0
2022-07-20,mf_20,60,60,1.0
2022-07-21,mf_20,60,60,1.0
2022-07-22,mf_20,60,60,1.0
2022-07-25,mf_20,60,60,1.0
2022-07-26,mf_20,60,60,1.0
2022-07-27,mf_20,60,60,1.0
2022-07-28,mf_20,60,60,1.0
2022-07-29,mf_20,60,60,1.0
2022-08-01,mf_20,60,60,1.0
2022-08-02,mf_20,60,60,1.0
2022-08-03,mf_20,60,60,1.0
2022-08-04,mf_20,60,60,1.0
2022-08-05,mf_20,60,60,1.0
2022-08-08,mf_20,60,60,1.0
2022-08-09,mf_20,60,60,1.0
2022-08-10,mf_20,60,60,1.0
2022-08-11,mf_20,60,60,1.0
2022-08-12,mf_20,60,60,1.0
2022-08-15,mf_20,60,60,1.0
2022-08-16,mf_20,60,60,1.0
2022-08-17,mf_20,60,60,1.0
2022-08-18,mf_20,60,60,1.0
2022-08-19,mf_20,60,60,1.0
2022-08-22,mf_20,60,60,1.0
2022-08-23,mf_20,60,60,1.0
2022-08-24,mf_20,60,60,1.0
2022-08-25,mf_20,60,60,1.0
2022-08-26,mf_20,60,60,1.0
2022-08-29,mf_20,60,60,1.0
2022-08-30,mf_20,60,60,1.0
2022-08-31,mf_20,60,60,1.0
2022-09-01,mf_20,60,60,1.0
2022-09-02,mf_20,60,60,1.0
2022-09-05,mf_20,60,60,1.0
2022-09-06,mf_20,60,60,1.0
2022-09-07,mf_20,60,60,1.0
2022-09-08,mf_20,60,60,1.0
2022-09-09,mf_20,60,60,1.0
2022-06-20,large_order_mf_20,60,0,0.0
2022-06-21,large_order_mf_20,60,0,0.0
2022-06-22,large_order_mf_20,60,0,0.0
2022-06-23,large_order_mf_20,60,0,0.0
2022-06-24,large_order_mf_20,60,0,0.0
2022-06-27,large_order_mf_20,60,0,0.0
2022-06-28,large_order_mf_20,60,0,0.0
2022-06-29,large_order_mf_20,60,0,0.0
2022-06-30,large_order_mf_20,60,0,0.0
2022-07-01,large_order_mf_20,60,60,1.0
2022-07-04,large_order_mf_20,60,60,1.0
2022-07-05,large_order_mf_20,60,60,1.0
2022-07-06,large_order_mf_20,60,60,1.0
2022-07-07,large_order_mf_20,60,60,1.0
2022-07-08,large_order_mf_20,60,60,1.0
2022-07-11,large_order_mf_20,60,60,1.0
2022-07-12,large_order_mf_20,60,60,1.0
2022-07-13,large_order_mf_20,60,60,1.0
2022-07-14,large_order_mf_20,60,60,1.0
2022-07-15,large_order_mf_20,60,60,1.0
2022-07-18,large_order_mf_20,60,60,1.0
2022-07-19,large_order_mf_20,60,60,1.0
2022-07-20,large_order_mf_20,60,60,1.0
2022-07-21,large_order_mf_20,60,60,1.0
2022-07-22,large_order_mf_20,60,60,1.0
2022-07-25,large_order_mf_20,60,60,1.0
2022-07-26,large_order_mf_20,60,60,1.0
2022-07-27,large_order_mf_20,60,60,1.0
2022-07-28,large_order_mf_20,60,60,1.0
2022-07-29,large_order_mf_20,60,60,1.0
2022-08-01,large_order_mf_20,60,60,1.0
2022-08-02,large_order_mf_20,60,60,1.0
2022-08-03,large_order_mf_20,60,60,1.0
2022-08-04,large_order_mf_20,60,60,1.0
2022-08-05,large_order_mf_20,60,60,1.0
2022-08-08,large_order_mf_20,60,60,1.0
2022-08-09,large_order_mf_20,60,60,1.0
2022-08-10,large_order_mf_20,60,60,1.0
2022-08-11,large_order_mf_20,60,60,1.0
2022-08-12,large_order_mf_20,60,60,1.0
2022-08-15,large_order_mf_20,60,60,1.0
2022-08-16,large_order_mf_20,60,60,1.0
2022-08-17,large_order_mf_20,60,60,1.0
2022-08-18,large_order_mf_20,60,60,1.0
2022-08-19,large_order_mf_20,60,60,1.0
2022-08-22,large_order_mf_20,60,60,1.0
2022-08-23,large_order_mf_20,60,60,1.0
2022-08-24,large_order_mf_20,60,60,1.0
2022-08-25,large_order_mf_20,60,60,1.0
2022-08-26,large_order_mf_20,60,60,1.0
2022-08-29,large_order_mf_20,60,60,1.0
2022-08-30,large_order_mf_20,60,60,1.0
2022-08-31,large_order_mf_20,60,60,1.0
2022-09-01,large_order_mf_20,60,60,1.0
2022-09-02,large_order_mf_20,60,60,1.0
2022-09-05,large_order_mf_20,60,60,1.0
2022-09-06,large_order_mf_20,60,60,1.0
2022-09-07,large_order_mf_20,60,60,1.0
2022-09-08,large_order_mf_20,60,60,1.0
2022-09-09,large_order_mf_20,60,60,1.0
2022-06-20,revenue_yoy,60,60,1.0
2022-06-21,revenue_yoy,60,60,1.0
2022-06-22,revenue_yoy,60,60,1.0
2022-06-23,revenue_yoy,60,60,1.0
2022-06-24,revenue_yoy,60,60,1.0
2022-06-27,revenue_yoy,60,60,1.0
2022-06-28,revenue_yoy,60,60,1.0
2022-06-29,revenue_yoy,60,60,1.0
2022-06-30,revenue_yoy,60,60,1.0
2022-07-01,revenue_yoy,60,60,1.0
2022-07-04,revenue_yoy,60,60,1.0
2022-07-05,revenue_yoy,60,60,1.0
2022-07-06,revenue_yoy,60,60,1.0
2022-07-07,revenue_yoy,60,60,1.0
2022-07-08,revenue_yoy,60,60,1.0
2022-07-11,revenue_yoy,60,60,1.0
2022-07-12,revenue_yoy,60,60,1.0
2022-07-13,revenue_yoy,60,60,1.0
2022-07-14,revenue_yoy,60,60,1.0
2022-07-15,revenue_yoy,60,60,1.0
2022-07-18,revenue_yoy,60,60,1.0
2022-07-19,revenue_yoy,60,60,1.0
2022-07-20,revenue_yoy,60,60,1.0
2022-07-21,revenue_yoy,60,60,1.0
2022-07-22,revenue_yoy,60,60,1.0
2022-07-25,revenue_yoy,60,60,1.0
2022-07-26,revenue_yoy,60,60,1.0
2022-07-27,revenue_yoy,60,60,1.0
2022-07-28,revenue_yoy,60,60,1.0
2022-07-29,revenue_yoy,60,60,1.0
2022-08-01,revenue_yoy,60,60,1.0
2022-08-02,revenue_yoy,60,60,1.0
2022-08-03,revenue_yoy,60,60,1.0
2022-08-04,revenue_yoy,60,60,1.0
2022-08-05,revenue_yoy,60,60,1.0
2022-08-08,revenue_yoy,60,60,1.0
2022-08-09,revenue_yoy,60,60,1.0
2022-08-10,revenue_yoy,60,60,1.0
2022-08-11,revenue_yoy,60,60,1.0
2022-08-12,revenue_yoy,60,60,1.0
2022-08-15,revenue_yoy,60,60,1.0
2022-08-16,revenue_yoy,60,60,1.0
2022-08-17,revenue_yoy,60,60,1.0
2022-08-18,revenue_yoy,60,60,1.0
2022-08-19,revenue_yoy,60,60,1.0
2022-08-22,revenue_yoy,60,60,1.0
2022-08-23,revenue_yoy,60,60,1.0
2022-08-24,revenue_yoy,60,60,1.0
2022-08-25,revenue_yoy,60,60,1.0
2022-08-26,revenue_yoy,60,60,1.0
2022-08-29,revenue_yoy,60,60,1.0
2022-08-30,revenue_yoy,60,60,1.0
2022-08-31,revenue_yoy,60,60,1.0
2022-09-01,revenue_yoy,60,60,1.0
2022-09-02,revenue_yoy,60,60,1.0
2022-09-05,revenue_yoy,60,60,1.0
2022-09-06,revenue_yoy,60,60,1.0
2022-09-07,revenue_yoy,60,60,1.0
2022-09-08,revenue_yoy,60,60,1.0
2022-09-09,revenue_yoy,60,60,1.0
2022-06-20,profit_yoy,60,60,1.0
2022-06-21,profit_yoy,60,60,1.0
2022-06-22,profit_yoy,60,60,1.0
2022-06-23,profit_yoy,60,60,1.0
2022-06-24,profit_yoy,60,60,1.0
2022-06-27,profit_yoy,60,60,1.0
2022-06-28,profit_yoy,60,60,1.0
2022-06-29,profit_yoy,60,60,1.0
2022-06-30,profit_yoy,60,60,1.0
2022-07-01,profit_yoy,60,60,1.0
2022-07-04,profit_yoy,60,60,1.0
2022-07-05,profit_yoy,60,60,1.0
2022-07-06,profit_yoy,60,60,1.0
2022-07-07,profit_yoy,60,60,1.0
2022-07-08,profit_yoy,60,60,1.0
2022-07-11,profit_yoy,60,60,1.0
2022-07-12,profit_yoy,60,60,1.0
2022-07-13,profit_yoy,60,60,1.0
2022-07-14,profit_yoy,60,60,1.0
2022-07-15,profit_yoy,60,60,1.0
2022-07-18,profit_yoy,60,60,1.0
2022-07-19,profit_yoy,60,60,1.0
2022-07-20,profit_yoy,60,60,1.0
2022-07-21,profit_yoy,60,60,1.0
2022-07-22,profit_yoy,60,60,1.0
2022-07-25,profit_yoy,60,60,1.0
2022-07-26,profit_yoy,60,60,1.0
2022-07-27,profit_yoy,60,60,1.0
2022-07-28,profit_yoy,60,60,1.0
2022-07-29,profit_yoy,60,60,1.0
2022-08-01,profit_yoy,60,60,1.0
2022-08-02,profit_yoy,60,60,1.0
2022-08-03,profit_yoy,60,60,1.0
2022-08-04,profit_yoy,60,60,1.0
2022-08-05,profit_yoy,60,60,1.0
2022-08-08,profit_yoy,60,60,1.0
2022-08-09,profit_yoy,60,60,1.0
2022-08-10,profit_yoy,60,60,1.0
2022-08-11,profit_yoy,60,60,1.0
2022-08-12,profit_yoy,60,60,1.0
2022-08-15,profit_yoy,60,60,1.0
2022-08-16,profit_yoy,60,60,1.0
2022-08-17,profit_yoy,60,60,1.0
2022-08-18,profit_yoy,60,60,1.0
2022-08-19,profit_yoy,60,60,1.0
2022-08-22,profit_yoy,60,60,1.0
2022-08-23,profit_yoy,60,60,1.0
2022-08-24,profit_yoy,60,60,1.0
2022-08-25,profit_yoy,60,60,1.0
2022-08-26,profit_yoy,60,60,1.0
2022-08-29,profit_yoy,60,60,1.0
2022-08-30,profit_yoy,60,60,1.0
2022-08-31,profit_yoy,60,60,1.0
2022-09-01,profit_yoy,60,60,1.0
2022-09-02,profit_yoy,60,60,1.0
2022-09-05,profit_yoy,60,60,1.0
2022-09-06,profit_yoy,60,60,1.0
2022-09-07,profit_yoy,60,60,1.0
2022-09-08,profit_yoy,60,60,1.0
2022-09-09,profit_yoy,60,60,1.0
2022-06-20,roe_delta,60,60,1.0
2022-06-21,roe_delta,60,60,1.0
2022-06-22,roe_delta,60,60,1.0
2022-06-23,roe_delta,60,60,1.0
2022-06-24,roe_delta,60,60,1.0
2022-06-27,roe_delta,60,60,1.0
2022-06-28,roe_delta,60,60,1.0
2022-06-29,roe_delta,60,60,1.0
2022-06-30,roe_delta,60,60,1.0
2022-07-01,roe_delta,60,60,1.0
2022-07-04,roe_delta,60,60,1.0
2022-07-05,roe_delta,60,60,1.0
2022-07-06,roe_delta,60,60,1.0
2022-07-07,roe_delta,60,60,1.0
2022-07-08,roe_delta,60,60,1.0
2022-07-11,roe_delta,60,60,1.0
2022-07-12,roe_delta,60,60,1.0
2022-07-13,roe_delta,60,60,1.0
2022-07-14,roe_delta,60,60,1.0
2022-07-15,roe_delta,60,60,1.0
2022-07-18,roe_delta,60,60,1.0
2022-07-19,roe_delta,60,60,1.0
2022-07-20,roe_delta,60,60,1.0
2022-07-21,roe_delta,60,60,1.0
2022-07-22,roe_delta,60,60,1.0
2022-07-25,roe_delta,60,60,1.0
2022-07-26,roe_delta,60,60,1.0
2022-07-27,roe_delta,60,60,1.0
2022-07-28,roe_delta,60,60,1.0
2022-07-29,roe_delta,60,60,1.0
2022-08-01,roe_delta,60,60,1.0
2022-08-02,roe_delta,60,60,1.0
2022-08-03,roe_delta,60,60,1.0
2022-08-04,roe_delta,60,60,1.0
2022-08-05,roe_delta,60,60,1.0
2022-08-08,roe_delta,60,60,1.0
2022-08-09,roe_delta,60,60,1.0
2022-08-10,roe_delta,60,60,1.0
2022-08-11,roe_delta,60,60,1.0
2022-08-12,roe_delta,60,60,1.0
2022-08-15,roe_delta,60,60,1.0
2022-08-16,roe_delta,60,60,1.0
2022-08-17,roe_delta,60,60,1.0
2022-08-18,roe_delta,60,60,1.0
2022-08-19,roe_delta,60,60,1.0
2022-08-22,roe_delta,60,60,1.0
2022-08-23,roe_delta,60,60,1.0
2022-08-24,roe_delta,60,60,1.0
2022-08-25,roe_delta,60,60,1.0
2022-08-26,roe_delta,60,60,1.0
2022-08-29,roe_delta,60,60,1.0
2022-08-30,roe_delta,60,60,1.0
2022-08-31,roe_delta,60,60,1.0
2022-09-01,roe_delta,60,60,1.0
2022-09-02,roe_delta,60,60,1.0
2022-09-05,roe_delta,60,60,1.0
2022-09-06,roe_delta,60,60,1.0
2022-09-07,roe_delta,60,60,1.0
2022-09-08,roe_delta,60,60,1.0
2022-09-09,roe_delta,60,60,1.0
2022-06-20,size,60,60,1.0
2022-06-21,size,60,60,1.0
2022-06-22,size,60,60,1.0
2022-06-23,size,60,60,1.0
2022-06-24,size,60,60,1.0
2022-06-27,size,60,60,1.0
2022-06-28,size,60,60,1.0
2022-06-29,size,60,60,1.0
2022-06-30,size,60,60,1.0
2022-07-01,size,60,60,1.0
2022-07-04,size,60,60,1.0
2022-07-05,size,60,60,1.0
2022-07-06,size,60,60,1.0
2022-07-07,size,60,60,1.0
2022-07-08,size,60,60,1.0
2022-07-11,size,60,60,1.0
2022-07-12,size,60,60,1.0
2022-07-13,size,60,60,1.0
2022-07-14,size,60,60,1.0
2022-07-15,size,60,60,1.0
2022-07-18,size,60,60,1.0
2022-07-19,size,60,60,1.0
2022-07-20,size,60,60,1.0
2022-07-21,size,60,60,1.0
2022-07-22,size,60,60,1.0
2022-07-25,size,60,60,1.0
2022-07-26,size,60,60,1.0
2022-07-27,size,60,60,1.0
2022-07-28,size,60,60,1.0
2022-07-29,size,60,60,1.0
2022-08-01,size,60,60,1.0
2022-08-02,size,60,60,1.0
2022-08-03,size,60,60,1.0
2022-08-04,size,60,60,1.0
2022-08-05,size,60,60,1.0
2022-08-08,size,60,60,1.0
2022-08-09,size,60,60,1.0
2022-08-10,size,60,60,1.0
2022-08-11,size,60,60,1.0
2022-08-12,size,60,60,1.0
2022-08-15,size,60,60,1.0
2022-08-16,size,60,60,1.0
2022-08-17,size,60,60,1.0
2022-08-18,size,60,60,1.0
2022-08-19,size,60,60,1.0
2022-08-22,size,60,60,1.0
2022-08-23,size,60,60,1.0
2022-08-24,size,60,60,1.0
2022-08-25,size,60,60,1.0
2022-08-26,size,60,60,1.0
2022-08-29,size,60,60,1.0
2022-08-30,size,60,60,1.0
2022-08-31,size,60,60,1.0
2022-09-01,size,60,60,1.0
2022-09-02,size,60,60,1.0
2022-09-05,size,60,60,1.0
2022-09-06,size,60,60,1.0
2022-09-07,size,60,60,1.0
2022-09-08,size,60,60,1.0
2022-09-09,size,60,60,1.0
2022-06-20,bp,60,60,1.0
2022-06-21,bp,60,60,1.0
2022-06-22,bp,60,60,1.0
2022-06-23,bp,60,60,1.0
2022-06-24,bp,60,60,1.0
2022-06-27,bp,60,60,1.0
2022-06-28,bp,60,60,1.0
2022-06-29,bp,60,60,1.0
2022-06-30,bp,60,60,1.0
2022-07-01,bp,60,60,1.0
2022-07-04,bp,60,60,1.0
2022-07-05,bp,60,60,1.0
2022-07-06,bp,60,60,1.0
2022-07-07,bp,60,60,1.0
2022-07-08,bp,60,60,1.0
2022-07-11,bp,60,60,1.0
2022-07-12,bp,60,60,1.0
2022-07-13,bp,60,60,1.0
2022-07-14,bp,60,60,1.0
2022-07-15,bp,60,60,1.0
2022-07-18,bp,60,60,1.0
2022-07-19,bp,60,60,1.0
2022-07-20,bp,60,60,1.0
2022-07-21,bp,60,60,1.0
2022-07-22,bp,60,60,1.0
2022-07-25,bp,60,60,1.0
2022-07-26,bp,60,60,1.0
2022-07-27,bp,60,60,1.0
2022-07-28,bp,60,60,1.0
2022-07-29,bp,60,60,1.0
2022-08-01,bp,60,60,1.0
2022-08-02,bp,60,60,1.0
2022-08-03,bp,60,60,1.0
2022-08-04,bp,60,60,1.0
2022-08-05,bp,60,60,1.0
2022-08-08,bp,60,60,1.0
2022-08-09,bp,60,60,1.0
2022-08-10,bp,60,60,1.0
2022-08-11,bp,60,60,1.0
2022-08-12,bp,60,60,1.0
2022-08-15,bp,60,60,1.0
2022-08-16,bp,60,60,1.0
2022-08-17,bp,60,60,1.0
2022-08-18,bp,60,60,1.0
2022-08-19,bp,60,60,1.0
2022-08-22,bp,60,60,1.0
2022-08-23,bp,60,60,1.0
2022-08-24,bp,60,60,1.0
2022-08-25,bp,60,60,1.0
2022-08-26,bp,60,60,1.0
2022-08-29,bp,60,60,1.0
2022-08-30,bp,60,60,1.0
2022-08-31,bp,60,60,1.0
2022-09-01,bp,60,60,1.0
2022-09-02,bp,60,60,1.0
2022-09-05,bp,60,60,1.0
2022-09-06,bp,60,60,1.0
2022-09-07,bp,60,60,1.0
2022-09-08,bp,60,60,1.0
2022-09-09,bp,60,60,1.0
2022-06-20,ep,60,60,1.0
2022-06-21,ep,60,60,1.0
2022-06-22,ep,60,60,1.0
2022-06-23,ep,60,60,1.0
2022-06-24,ep,60,60,1.0
2022-06-27,ep,60,60,1.0
2022-06-28,ep,60,60,1.0
2022-06-29,ep,60,60,1.0
2022-06-30,ep,60,60,1.0
2022-07-01,ep,60,60,1.0
2022-07-04,ep,60,60,1.0
2022-07-05,ep,60,60,1.0
2022-07-06,ep,60,60,1.0
2022-07-07,ep,60,60,1.0
2022-07-08,ep,60,60,1.0
2022-07-11,ep,60,60,1.0
2022-07-12,ep,60,60,1.0
2022-07-13,ep,60,60,1.0
2022-07-14,ep,60,60,1.0
2022-07-15,ep,60,60,1.0
2022-07-18,ep,60,60,1.0
2022-07-19,ep,60,60,1.0
2022-07-20,ep,60,60,1.0
2022-07-21,ep,60,60,1.0
2022-07-22,ep,60,60,1.0
2022-07-25,ep,60,60,1.0
2022-07-26,ep,60,60,1.0
2022-07-27,ep,60,60,1.0
2022-07-28,ep,60,60,1.0
2022-07-29,ep,60,60,1.0
2022-08-01,ep,60,60,1.0
2022-08-02,ep,60,60,1.0
2022-08-03,ep,60,60,1.0
2022-08-04,ep,60,60,1.0
2022-08-05,ep,60,60,1.0
2022-08-08,ep,60,60,1.0
2022-08-09,ep,60,60,1.0
2022-08-10,ep,60,60,1.0
2022-08-11,ep,60,60,1.0
2022-08-12,ep,60,60,1.0
2022-08-15,ep,60,60,1.0
2022-08-16,ep,60,60,1.0
2022-08-17,ep,60,60,1.0
2022-08-18,ep,60,60,1.0
2022-08-19,ep,60,60,1.0
2022-08-22,ep,60,60,1.0
2022-08-23,ep,60,60,1.0
2022-08-24,ep,60,60,1.0
2022-08-25,ep,60,60,1.0
2022-08-26,ep,60,60,1.0
2022-08-29,ep,60,60,1.0
2022-08-30,ep,60,60,1.0
2022-08-31,ep,60,60,1.0
2022-09-01,ep,60,60,1.0
2022-09-02,ep,60,60,1.0
2022-09-05,ep,60,60,1.0
2022-09-06,ep,60,60,1.0
2022-09-07,ep,60,60,1.0
2022-09-08,ep,60,60,1.0
2022-09-09,ep,60,60,1.0
2022-06-20,sp,60,60,1.0
2022-06-21,sp,60,60,1.0
2022-06-22,sp,60,60,1.0
2022-06-23,sp,60,60,1.0
2022-06-24,sp,60,60,1.0
2022-06-27,sp,60,60,1.0
2022-06-28,sp,60,60,1.0
2022-06-29,sp,60,60,1.0
2022-06-30,sp,60,60,1.0
2022-07-01,sp,60,60,1.0
2022-07-04,sp,60,60,1.0
2022-07-05,sp,60,60,1.0
2022-07-06,sp,60,60,1.0
2022-07-07,sp,60,60,1.0
2022-07-08,sp,60,60,1.0
2022-07-11,sp,60,60,1.0
2022-07-12,sp,60,60,1.0
2022-07-13,sp,60,60,1.0
2022-07-14,sp,60,60,1.0
2022-07-15,sp,60,60,1.0
2022-07-18,sp,60,60,1.0
2022-07-19,sp,60,60,1.0
2022-07-20,sp,60,60,1.0
2022-07-21,sp,60,60,1.0
2022-07-22,sp,60,60,1.0
2022-07-25,sp,60,60,1.0
2022-07-26,sp,60,60,1.0
2022-07-27,sp,60,60,1.0
2022-07-28,sp,60,60,1.0
2022-07-29,sp,60,60,1.0
2022-08-01,sp,60,60,1.0
2022-08-02,sp,60,60,1.0
2022-08-03,sp,60,60,1.0
2022-08-04,sp,60,60,1.0
2022-08-05,sp,60,60,1.0
2022-08-08,sp,60,60,1.0
2022-08-09,sp,60,60,1.0
2022-08-10,sp,60,60,1.0
2022-08-11,sp,60,60,1.0
2022-08-12,sp,60,60,1.0
2022-08-15,sp,60,60,1.0
2022-08-16,sp,60,60,1.0
2022-08-17,sp,60,60,1.0
2022-08-18,sp,60,60,1.0
2022-08-19,sp,60,60,1.0
2022-08-22,sp,60,60,1.0
2022-08-23,sp,60,60,1.0
2022-08-24,sp,60,60,1.0
2022-08-25,sp,60,60,1.0
2022-08-26,sp,60,60,1.0
2022-08-29,sp,60,60,1.0
2022-08-30,sp,60,60,1.0
2022-08-31,sp,60,60,1.0
2022-09-01,sp,60,60,1.0
2022-09-02,sp,60,60,1.0
2022-09-05,sp,60,60,1.0
2022-09-06,sp,60,60,1.0
2022-09-07,sp,60,60,1.0
2022-09-08,sp,60,60,1.0
2022-09-09,sp,60,60,1.0
2022-06-20,cfp,60,60,1.0
2022-06-21,cfp,60,60,1.0
2022-06-22,cfp,60,60,1.0
2022-06-23,cfp,60,60,1.0
2022-06-24,cfp,60,60,1.0
2022-06-27,cfp,60,60,1.0
2022-06-28,cfp,60,60,1.0
2022-06-29,cfp,60,60,1.0
2022-06-30,cfp,60,60,1.0
2022-07-01,cfp,60,60,1.0
2022-07-04,cfp,60,60,1.0
2022-07-05,cfp,60,60,1.0
2022-07-06,cfp,60,60,1.0
2022-07-07,cfp,60,60,1.0
2022-07-08,cfp,60,60,1.0
2022-07-11,cfp,60,60,1.0
2022-07-12,cfp,60,60,1.0
2022-07-13,cfp,60,60,1.0
2022-07-14,cfp,60,60,1.0
2022-07-15,cfp,60,60,1.0
2022-07-18,cfp,60,60,1.0
2022-07-19,cfp,60,60,1.0
2022-07-20,cfp,60,60,1.0
2022-07-21,cfp,60,60,1.0
2022-07-22,cfp,60,60,1.0
2022-07-25,cfp,60,60,1.0
2022-07-26,cfp,60,60,1.0
2022-07-27,cfp,60,60,1.0
2022-07-28,cfp,60,60,1.0
2022-07-29,cfp,60,60,1.0
2022-08-01,cfp,60,60,1.0
2022-08-02,cfp,60,60,1.0
2022-08-03,cfp,60,60,1.0
2022-08-04,cfp,60,60,1.0
2022-08-05,cfp,60,60,1.0
2022-08-08,cfp,60,60,1.0
2022-08-09,cfp,60,60,1.0
2022-08-10,cfp,60,60,1.0
2022-08-11,cfp,60,60,1.0
2022-08-12,cfp,60,60,1.0
2022-08-15,cfp,60,60,1.0
2022-08-16,cfp,60,60,1.0
2022-08-17,cfp,60,60,1.0
2022-08-18,cfp,60,60,1.0
2022-08-19,cfp,60,60,1.0
2022-08-22,cfp,60,60,1.0
2022-08-23,cfp,60,60,1.0
2022-08-24,cfp,60,60,1.0
2022-08-25,cfp,60,60,1.0
2022-08-26,cfp,60,60,1.0
2022-08-29,cfp,60,60,1.0
2022-08-30,cfp,60,60,1.0
2022-08-31,cfp,60,60,1.0
2022-09-01,cfp,60,60,1.0
2022-09-02,cfp,60,60,1.0
2022-09-05,cfp,60,60,1.0
2022-09-06,cfp,60,60,1.0
2022-09-07,cfp,60,60,1.0
2022-09-08,cfp,60,60,1.0
2022-09-09,cfp,60,60,1.0
2022-06-20,mom_20,60,0,0.0
2022-06-21,mom_20,60,0,0.0
2022-06-22,mom_20,60,0,0.0
2022-06-23,mom_20,60,0,0.0
2022-06-24,mom_20,60,0,0.0
2022-06-27,mom_20,60,0,0.0
2022-06-28,mom_20,60,0,0.0
2022-06-29,mom_20,60,0,0.0
2022-06-30,mom_20,60,0,0.0
2022-07-01,mom_20,60,0,0.0
2022-07-04,mom_20,60,0,0.0
2022-07-05,mom_20,60,0,0.0
2022-07-06,mom_20,60,0,0.0
2022-07-07,mom_20,60,0,0.0
2022-07-08,mom_20,60,0,0.0
2022-07-11,mom_20,60,0,0.0
2022-07-12,mom_20,60,0,0.0
2022-07-13,mom_20,60,0,0.0
2022-07-14,mom_20,60,0,0.0
2022-07-15,mom_20,60,0,0.0
2022-07-18,mom_20,60,60,1.0
2022-07-19,mom_20,60,60,1.0
2022-07-20,mom_20,60,60,1.0
2022-07-21,mom_20,60,60,1.0
2022-07-22,mom_20,60,60,1.0
2022-07-25,mom_20,60,60,1.0
2022-07-26,mom_20,60,60,1.0
2022-07-27,mom_20,60,60,1.0
2022-07-28,mom_20,60,60,1.0
2022-07-29,mom_20,60,60,1.0
2022-08-01,mom_20,60,60,1.0
2022-08-02,mom_20,60,60,1.0
2022-08-03,mom_20,60,60,1.0
2022-08-04,mom_20,60,60,1.0
2022-08-05,mom_20,60,60,1.0
2022-08-08,mom_20,60,60,1.0
2022-08-09,mom_20,60,60,1.0
2022-08-10,mom_20,60,60,1.0
2022-08-11,mom_20,60,60,1.0
2022-08-12,mom_20,60,60,1.0
2022-08-15,mom_20,60,60,1.0
2022-08-16,mom_20,60,60,1.0
2022-08-17,mom_20,60,60,1.0
2022-08-18,mom_20,60,60,1.0
2022-08-19,mom_20,60,60,1.0
2022-08-22,mom_20,60,60,1.0
2022-08-23,mom_20,60,60,1.0
2022-08-24,mom_20,60,60,1.0
2022-08-25,mom_20,60,60,1.0
2022-08-26,mom_20,60,60,1.0
2022-08-29,mom_20,60,60,1.0
2022-08-30,mom_20,60,60,1.0
2022-08-31,mom_20,60,60,1.0
2022-09-01,mom_20,60,60,1.0
2022-09-02,mom_20,60,60,1.0
2022-09-05,mom_20,60,60,1.0
2022-09-06,mom_20,60,60,1.0
2022-09-07,mom_20,60,60,1.0
2022-09-08,mom_20,60,60,1.0
2022-09-09,mom_20,60,60,1.0
2022-06-20,mom_60_skip5,60,0,0.0
2022-06-21,mom_60_skip5,60,0,0.0
2022-06-22,mom_60_skip5,60,0,0.0
2022-06-23,mom_60_skip5,60,0,0.0
2022-06-24,mom_60_skip5,60,0,0.0
2022-06-27,mom_60_skip5,60,0,0.0
2022-06-28,mom_60_skip5,60,0,0.0
2022-06-29,mom_60_skip5,60,0,0.0
2022-06-30,mom_60_skip5,60,0,0.0
2022-07-01,mom_60_skip5,60,0,0.0
2022-07-04,mom_60_skip5,60,0,0.0
2022-07-05,mom_60_skip5,60,0,0.0
2022-07-06,mom_60_skip5,60,0,0.0
2022-07-07,mom_60_skip5,60,0,0.0
2022-07-08,mom_60_skip5,60,0,0.0
2022-07-11,mom_60_skip5,60,0,0.0
2022-07-12,mom_60_skip5,60,0,0.0
2022-07-13,mom_60_skip5,60,0,0.0
2022-07-14,mom_60_skip5,60,0,0.0
2022-07-15,mom_60_skip5,60,0,0.0
2022-07-18,mom_60_skip5,60,0,0.0
2022-07-19,mom_60_skip5,60,0,0.0
2022-07-20,mom_60_skip5,60,0,0.0
2022-07-21,mom_60_skip5,60,0,0.0
2022-07-22,mom_60_skip5,60,0,0.0
2022-07-25,mom_60_skip5,60,0,0.0
2022-07-26,mom_60_skip5,60,0,0.0
2022-07-27,mom_60_skip5,60,0,0.0
2022-07-28,mom_60_skip5,60,0,0.0
2022-07-29,mom_60_skip5,60,0,0.0
2022-08-01,mom_60_skip5,60,0,0.0
2022-08-02,mom_60_skip5,60,0,0.0
2022-08-03,mom_60_skip5,60,0,0.0
2022-08-04,mom_60_skip5,60,0,0.0
2022-08-05,mom_60_skip5,60,0,0.0
2022-08-08,mom_60_skip5,60,0,0.0
2022-08-09,mom_60_skip5,60,0,0.0
2022-08-10,mom_60_skip5,60,0,0.0
2022-08-11,mom_60_skip5,60,0,0.0
2022-08-12,mom_60_skip5,60,0,0.0
2022-08-15,mom_60_skip5,60,0,0.0
2022-08-16,mom_60_skip5,60,0,0.0
2022-08-17,mom_60_skip5,60,0,0.0
2022-08-18,mom_60_skip5,60,0,0.0
2022-08-19,mom_60_skip5,60,0,0.0
2022-08-22,mom_60_skip5,60,0,0.0
2022-08-23,mom_60_skip5,60,0,0.0
2022-08-24,mom_60_skip5,60,0,0.0
2022-08-25,mom_60_skip5,60,0,0.0
2022-08-26,mom_60_skip5,60,0,0.0
2022-08-29,mom_60_skip5,60,0,0.0
2022-08-30,mom_60_skip5,60,0,0.0
2022-08-31,mom_60_skip5,60,0,0.0
2022-09-01,mom_60_skip5,60,0,0.0
2022-09-02,mom_60_skip5,60,0,0.0
2022-09-05,mom_60_skip5,60,0,0.0
2022-09-06,mom_60_skip5,60,0,0.0
2022-09-07,mom_60_skip5,60,0,0.0
2022-09-08,mom_60_skip5,60,0,0.0
2022-09-09,mom_60_skip5,60,0,0.0
2022-06-20,mom_120,60,0,0.0
2022-06-21,mom_120,60,0,0.0
2022-06-22,mom_120,60,0,0.0
2022-06-23,mom_120,60,0,0.0
2022-06-24,mom_120,60,0,0.0
2022-06-27,mom_120,60,0,0.0
2022-06-28,mom_120,60,0,0.0
2022-06-29,mom_120,60,0,0.0
2022-06-30,mom_120,60,0,0.0
2022-07-01,mom_120,60,0,0.0
2022-07-04,mom_120,60,0,0.0
2022-07-05,mom_120,60,0,0.0
2022-07-06,mom_120,60,0,0.0
2022-07-07,mom_120,60,0,0.0
2022-07-08,mom_120,60,0,0.0
2022-07-11,mom_120,60,0,0.0
2022-07-12,mom_120,60,0,0.0
2022-07-13,mom_120,60,0,0.0
2022-07-14,mom_120,60,0,0.0
2022-07-15,mom_120,60,0,0.0
2022-07-18,mom_120,60,0,0.0
2022-07-19,mom_120,60,0,0.0
2022-07-20,mom_120,60,0,0.0
2022-07-21,mom_120,60,0,0.0
2022-07-22,mom_120,60,0,0.0
2022-07-25,mom_120,60,0,0.0
2022-07-26,mom_120,60,0,0.0
2022-07-27,mom_120,60,0,0.0
2022-07-28,mom_120,60,0,0.0
2022-07-29,mom_120,60,0,0.0
2022-08-01,mom_120,60,0,0.0
2022-08-02,mom_120,60,0,0.0
2022-08-03,mom_120,60,0,0.0
2022-08-04,mom_120,60,0,0.0
2022-08-05,mom_120,60,0,0.0
2022-08-08,mom_120,60,0,0.0
2022-08-09,mom_120,60,0,0.0
2022-08-10,mom_120,60,0,0.0
2022-08-11,mom_120,60,0,0.0
2022-08-12,mom_120,60,0,0.0
2022-08-15,mom_120,60,0,0.0
2022-08-16,mom_120,60,0,0.0
2022-08-17,mom_120,60,0,0.0
2022-08-18,mom_120,60,0,0.0
2022-08-19,mom_120,60,0,0.0
2022-08-22,mom_120,60,0,0.0
2022-08-23,mom_120,60,0,0.0
2022-08-24,mom_120,60,0,0.0
2022-08-25,mom_120,60,0,0.0
2022-08-26,mom_120,60,0,0.0
2022-08-29,mom_120,60,0,0.0
2022-08-30,mom_120,60,0,0.0
2022-08-31,mom_120,60,0,0.0
2022-09-01,mom_120,60,0,0.0
2022-09-02,mom_120,60,0,0.0
2022-09-05,mom_120,60,0,0.0
2022-09-06,mom_120,60,0,0.0
2022-09-07,mom_120,60,0,0.0
2022-09-08,mom_120,60,0,0.0
2022-09-09,mom_120,60,0,0.0
2022-06-20,rev_5,60,0,0.0
2022-06-21,rev_5,60,0,0.0
2022-06-22,rev_5,60,0,0.0
2022-06-23,rev_5,60,0,0.0
2022-06-24,rev_5,60,0,0.0
2022-06-27,rev_5,60,60,1.0
2022-06-28,rev_5,60,60,1.0
2022-06-29,rev_5,60,60,1.0
2022-06-30,rev_5,60,60,1.0
2022-07-01,rev_5,60,60,1.0
2022-07-04,rev_5,60,60,1.0
2022-07-05,rev_5,60,60,1.0
2022-07-06,rev_5,60,60,1.0
2022-07-07,rev_5,60,60,1.0
2022-07-08,rev_5,60,60,1.0
2022-07-11,rev_5,60,60,1.0
2022-07-12,rev_5,60,60,1.0
2022-07-13,rev_5,60,60,1.0
2022-07-14,rev_5,60,60,1.0
2022-07-15,rev_5,60,60,1.0
2022-07-18,rev_5,60,60,1.0
2022-07-19,rev_5,60,60,1.0
2022-07-20,rev_5,60,60,1.0
2022-07-21,rev_5,60,60,1.0
2022-07-22,rev_5,60,60,1.0
2022-07-25,rev_5,60,60,1.0
2022-07-26,rev_5,60,60,1.0
2022-07-27,rev_5,60,60,1.0
2022-07-28,rev_5,60,60,1.0
2022-07-29,rev_5,60,60,1.0
2022-08-01,rev_5,60,60,1.0
2022-08-02,rev_5,60,60,1.0
2022-08-03,rev_5,60,60,1.0
2022-08-04,rev_5,60,60,1.0
2022-08-05,rev_5,60,60,1.0
2022-08-08,rev_5,60,60,1.0
2022-08-09,rev_5,60,60,1.0
2022-08-10,rev_5,60,60,1.0
2022-08-11,rev_5,60,60,1.0
2022-08-12,rev_5,60,60,1.0
2022-08-15,rev_5,60,60,1.0
2022-08-16,rev_5,60,60,1.0
2022-08-17,rev_5,60,60,1.0
2022-08-18,rev_5,60,60,1.0
2022-08-19,rev_5,60,60,1.0
2022-08-22,rev_5,60,60,1.0
2022-08-23,rev_5,60,60,1.0
2022-08-24,rev_5,60,60,1.0
2022-08-25,rev_5,60,60,1.0
2022-08-26,rev_5,60,60,1.0
2022-08-29,rev_5,60,60,1.0
2022-08-30,rev_5,60,60,1.0
2022-08-31,rev_5,60,60,1.0
2022-09-01,rev_5,60,60,1.0
2022-09-02,rev_5,60,60,1.0
2022-09-05,rev_5,60,60,1.0
2022-09-06,rev_5,60,60,1.0
2022-09-07,rev_5,60,60,1.0
2022-09-08,rev_5,60,60,1.0
2022-09-09,rev_5,60,60,1.0
2022-06-20,rev_20,60,0,0.0
2022-06-21,rev_20,60,0,0.0
2022-06-22,rev_20,60,0,0.0
2022-06-23,rev_20,60,0,0.0
2022-06-24,rev_20,60,0,0.0
2022-06-27,rev_20,60,0,0.0
2022-06-28,rev_20,60,0,0.0
2022-06-29,rev_20,60,0,0.0
2022-06-30,rev_20,60,0,0.0
2022-07-01,rev_20,60,0,0.0
2022-07-04,rev_20,60,0,0.0
2022-07-05,rev_20,60,0,0.0
2022-07-06,rev_20,60,0,0.0
2022-07-07,rev_20,60,0,0.0
2022-07-08,rev_20,60,0,0.0
2022-07-11,rev_20,60,0,0.0
2022-07-12,rev_20,60,0,0.0
2022-07-13,rev_20,60,0,0.0
2022-07-14,rev_20,60,0,0.0
2022-07-15,rev_20,60,0,0.0
2022-07-18,rev_20,60,60,1.0
2022-07-19,rev_20,60,60,1.0
2022-07-20,rev_20,60,60,1.0
2022-07-21,rev_20,60,60,1.0
2022-07-22,rev_20,60,60,1.0
2022-07-25,rev_20,60,60,1.0
2022-07-26,rev_20,60,60,1.0
2022-07-27,rev_20,60,60,1.0
2022-07-28,rev_20,60,60,1.0
2022-07-29,rev_20,60,60,1.0
2022-08-01,rev_20,60,60,1.0
2022-08-02,rev_20,60,60,1.0
2022-08-03,rev_20,60,60,1.0
2022-08-04,rev_20,60,60,1.0
2022-08-05,rev_20,60,60,1.0
2022-08-08,rev_20,60,60,1.0
2022-08-09,rev_20,60,60,1.0
2022-08-10,rev_20,60,60,1.0
2022-08-11,rev_20,60,60,1.0
2022-08-12,rev_20,60,60,1.0
2022-08-15,rev_20,60,60,1.0
2022-08-16,rev_20,60,60,1.0
2022-08-17,rev_20,60,60,1.0
2022-08-18,rev_20,60,60,1.0
2022-08-19,rev_20,60,60,1.0
2022-08-22,rev_20,60,60,1.0
2022-08-23,rev_20,60,60,1.0
2022-08-24,rev_20,60,60,1.0
2022-08-25,rev_20,60,60,1.0
2022-08-26,rev_20,60,60,1.0
2022-08-29,rev_20,60,60,1.0
2022-08-30,rev_20,60,60,1.0
2022-08-31,rev_20,60,60,1.0
2022-09-01,rev_20,60,60,1.0
2022-09-02,rev_20,60,60,1.0
2022-09-05,rev_20,60,60,1.0
2022-09-06,rev_20,60,60,1.0
2022-09-07,rev_20,60,60,1.0
2022-09-08,rev_20,60,60,1.0
2022-09-09,rev_20,60,60,1.0
2022-06-20,turnover_chg_20,60,0,0.0
2022-06-21,turnover_chg_20,60,0,0.0
2022-06-22,turnover_chg_20,60,0,0.0
2022-06-23,turnover_chg_20,60,0,0.0
2022-06-24,turnover_chg_20,60,0,0.0
2022-06-27,turnover_chg_20,60,0,0.0
2022-06-28,turnover_chg_20,60,0,0.0
2022-06-29,turnover_chg_20,60,0,0.0
2022-06-30,turnover_chg_20,60,0,0.0
2022-07-01,turnover_chg_20,60,0,0.0
2022-07-04,turnover_chg_20,60,0,0.0
2022-07-05,turnover_chg_20,60,0,0.0
2022-07-06,turnover_chg_20,60,0,0.0
2022-07-07,turnover_chg_20,60,0,0.0
2022-07-08,turnover_chg_20,60,0,0.0
2022-07-11,turnover_chg_20,60,0,0.0
2022-07-12,turnover_chg_20,60,0,0.0
2022-07-13,turnover_chg_20,60,0,0.0
2022-07-14,turnover_chg_20,60,0,0.0
2022-07-15,turnover_chg_20,60,0,0.0
2022-07-18,turnover_chg_20,60,0,0.0
2022-07-19,turnover_chg_20,60,0,0.0
2022-07-20,turnover_chg_20,60,0,0.0
2022-07-21,turnover_chg_20,60,0,0.0
2022-07-22,turnover_chg_20,60,0,0.0
2022-07-25,turnover_chg_20,60,0,0.0
2022-07-26,turnover_chg_20,60,0,0.0
2022-07-27,turnover_chg_20,60,0,0.0
2022-07-28,turnover_chg_20,60,0,0.0
2022-07-29,turnover_chg_20,60,60,1.0
2022-08-01,turnover_chg_20,60,60,1.0
2022-08-02,turnover_chg_20,60,60,1.0
2022-08-03,turnover_chg_20,60,60,1.0
2022-08-04,turnover_chg_20,60,60,1.0
2022-08-05,turnover_chg_20,60,60,1.0
2022-08-08,turnover_chg_20,60,60,1.0
2022-08-09,turnover_chg_20,60,60,1.0
2022-08-10,turnover_chg_20,60,60,1.0
2022-08-11,turnover_chg_20,60,60,1.0
2022-08-12,turnover_chg_20,60,60,1.0
2022-08-15,turnover_chg_20,60,60,1.0
2022-08-16,turnover_chg_20,60,60,1.0
2022-08-17,turnover_chg_20,60,60,1.0
2022-08-18,turnover_chg_20,60,60,1.0
2022-08-19,turnover_chg_20,60,60,1.0
2022-08-22,turnover_chg_20,60,60,1.0
2022-08-23,turnover_chg_20,60,60,1.0
2022-08-24,turnover_chg_20,60,60,1.0
2022-08-25,turnover_chg_20,60,60,1.0
2022-08-26,turnover_chg_20,60,60,1.0
2022-08-29,turnover_chg_20,60,60,1.0
2022-08-30,turnover_chg_20,60,60,1.0
2022-08-31,turnover_chg_20,60,60,1.0
2022-09-01,turnover_chg_20,60,60,1.0
2022-09-02,turnover_chg_20,60,60,1.0
2022-09-05,turnover_chg_20,60,60,1.0
2022-09-06,turnover_chg_20,60,60,1.0
2022-09-07,turnover_chg_20,60,60,1.0
2022-09-08,turnover_chg_20,60,60,1.0
2022-09-09,turnover_chg_20,60,60,1.0
2022-06-20,amount_mom_20,60,0,0.0
2022-06-21,amount_mom_20,60,0,0.0
2022-06-22,amount_mom_20,60,0,0.0
2022-06-23,amount_mom_20,60,0,0.0
2022-06-24,amount_mom_20,60,0,0.0
2022-06-27,amount_mom_20,60,0,0.0
2022-06-28,amount_mom_20,60,0,0.0
2022-06-29,amount_mom_20,60,0,0.0
2022-06-30,amount_mom_20,60,0,0.0
2022-07-01,amount_mom_20,60,0,0.0
2022-07-04,amount_mom_20,60,0,0.0
2022-07-05,amount_mom_20,60,0,0.0
2022-07-06,amount_mom_20,60,0,0.0
2022-07-07,amount_mom_20,60,0,0.0
2022-07-08,amount_mom_20,60,0,0.0
2022-07-11,amount_mom_20,60,0,0.0
2022-07-12,amount_mom_20,60,0,0.0
2022-07-13,amount_mom_20,60,0,0.0
2022-07-14,amount_mom_20,60,0,0.0
2022-07-15,amount_mom_20,60,0,0.0
2022-07-18,amount_mom_20,60,0,0.0
2022-07-19,amount_mom_20,60,0,0.0
2022-07-20,amount_mom_20,60,0,0.0
2022-07-21,amount_mom_20,60,0,0.0
2022-07-22,amount_mom_20,60,0,0.0
2022-07-25,amount_mom_20,60,0,0.0
2022-07-26,amount_mom_20,60,0,0.0
2022-07-27,amount_mom_20,60,0,0.0
2022-07-28,amount_mom_20,60,0,0.0
2022-07-29,amount_mom_20,60,60,1.0
2022-08-01,amount_mom_20,60,60,1.0
2022-08-02,amount_mom_20,60,60,1.0
2022-08-03,amount_mom_20,60,60,1.0
2022-08-04,amount_mom_20,60,60,1.0
2022-08-05,amount_mom_20,60,60,1.0
2022-08-08,amount_mom_20,60,60,1.0
2022-08-09,amount_mom_20,60,60,1.0
2022-08-10,amount_mom_20,60,60,1.0
2022-08-11,amount_mom_20,60,60,1.0
2022-08-12,amount_mom_20,60,60,1.0
2022-08-15,amount_mom_20,60,60,1.0
2022-08-16,amount_mom_20,60,60,1.0
2022-08-17,amount_mom_20,60,60,1.0
2022-08-18,amount_mom_20,60,60,1.0
2022-08-19,amount_mom_20,60,60,1.0
2022-08-22,amount_mom_20,60,60,1.0
2022-08-23,amount_mom_20,60,60,1.0
2022-08-24,amount_mom_20,60,60,1.0
2022-08-25,amount_mom_20,60,60,1.0
2022-08-26,amount_mom_20,60,60,1.0
2022-08-29,amount_mom_20,60,60,1.0
2022-08-30,amount_mom_20,60,60,1.0
2022-08-31,amount_mom_20,60,60,1.0
2022-09-01,amount_mom_20,60,60,1.0
2022-09-02,amount_mom_20,60,60,1.0
2022-09-05,amount_mom_20,60,60,1.0
2022-09-06,amount_mom_20,60,60,1.0
2022-09-07,amount_mom_20,60,60,1.0
2022-09-08,amount_mom_20,60,60,1.0
2022-09-09,amount_mom_20,60,60,1.0
